{"map01":{"height":10,"layers":[{"data":[1,1,1,1,1,1,1,1,1,1,1,1,1,1,1,1,1,1,1,1,1,1,1,1,1,1,1,1,1,1,1,1,1,1,1,1,1,1,1,1,1,1,1,1,1,1,1,1,1,1,1,1,1,1,1,1,1,1,1,1,1,1,1,1,1,1,1,1,1,1,1,1,1,1,1,1,1,1,1,1,1,1,1,1,1,1,1,1,1,1,1,1,1,1,1,1,1,1,1,1,1,1,1,1,1,1,1,1,1,1,1,1,1,1,1,1,1,1,1,1,1,1,1,1,1,1,1,1,1,1,1,1,1,1,1,1,1,1,1,1,1,1,1,1,1,1,1,1,1,1],"height":10,"name":"ground","opacity":1,"type":"tilelayer","visible":true,"width":15,"x":0,"y":0},{"data":[0,0,0,0,0,0,0,0,0,0,0,0,0,0,0,0,0,0,0,0,0,0,17,0,0,0,0,0,0,0,0,0,0,0,0,0,0,18,0,0,0,0,0,0,0,0,0,0,0,0,0,0,0,0,0,0,0,0,0,0,0,0,0,0,0,0,0,0,0,0,0,0,0,0,0,0,0,0,0,0,0,0,0,0,0,0,0,0,0,0,0,0,0,0,0,0,0,0,0,0,0,0,0,0,0,0,0,0,0,0,0,0,0,0,0,0,0,0,0,0,0,0,0,0,0,0,0,0,0,0,0,0,0,0,0,0,0,0,0,0,0,0,0,0,0,0,0,0,0,0],"height":10,"name":"props","opacity":1,"type":"tilelayer","visible":true,"width":15,"x":0,"y":0},{"data":[0,0,0,0,0,0,0,0,0,0,0,0,0,0,0,0,0,0,0,0,0,0,8,0,0,0,0,0,0,0,9,9,9,9,5,0,0,8,0,0,5,9,9,9,9,0,0,0,0,0,0,0,0,0,0,0,0,0,0,0,0,5,5,5,9,9,0,0,0,9,9,5,5,5,0,0,6,6,0,0,0,6,6,6,0,0,0,6,6,0,0,0,0,0,0,0,0,0,0,0,0,0,0,0,0,9,9,9,9,5,0,0,0,0,0,5,9,9,9,9,0,0,0,0,0,0,6,6,6,0,0,0,0,0,0,0,0,0,0,0,0,0,0,0,0,0,0,0,0,0],"height":10,"name":"blocks","opacity":1,"type":"tilelayer","visible":true,"width":15,"x":0,"y":0},{"data":[0,0,0,0,0,0,0,25,0,0,0,0,0,0,0,0,0,0,0,0,0,0,0,0,0,0,0,0,0,0,0,0,0,0,0,0,0,0,0,0,0,0,0,0,0,0,0,0,0,0,0,0,0,0,0,0,0,0,0,0,0,0,0,0,0,0,0,0,0,0,0,0,0,0,0,0,0,0,0,0,0,0,0,0,0,0,0,0,0,0,0,0,0,0,0,0,0,0,0,0,0,0,0,0,0,0,0,0,0,0,0,0,0,0,0,0,0,0,0,0,0,0,0,0,0,0,0,0,0,0,0,0,0,0,0,0,0,0,0,0,0,0,0,0,0,0,0,0,0,26],"height":10,"name":"characters","opacity":1,"type":"tilelayer","visible":true,"width":15,"x":0,"y":0}],"nextobjectid":1,"orientation":"orthogonal","renderorder":"right-down","tiledversion":"1.0.2","tileheight":64,"tilesets":[{"columns":8,"firstgid":1,"image":"tileset.png","imageheight":512,"imagewidth":512,"margin":0,"name":"tileset","spacing":0,"tilecount":64,"tileheight":64,"tileproperties":{"4":{"health":"30"},"7":{"health":5},"8":{"health":10},"9":{"health":10},"10":{"health":10},"11":{"health":10},"16":{"type":"health_bottle"},"17":{"type":"speed_bottle"},"18":{"type":"laser_bomb"},"19":{"type":"large_bomb"},"20":{"type":"square_bomb"},"24":{"type":"player"},"25":{"type":"zombiepig"},"26":{"type":"ghost"},"27":{"type":"minotaur"},"28":{"type":"batking"}},"tilepropertytypes":{"4":{"health":"string"},"7":{"health":"int"},"8":{"health":"int"},"9":{"health":"int"},"10":{"health":"int"},"11":{"health":"int"},"16":{"type":"string"},"17":{"type":"string"},"18":{"type":"string"},"19":{"type":"string"},"20":{"type":"string"},"24":{"type":"string"},"25":{"type":"string"},"26":{"type":"string"},"27":{"type":"string"},"28":{"type":"string"}},"tilewidth":64}],"tilewidth":64,"type":"map","version":1,"width":15},"map02":{"height":10,"layers":[{"data":[1,1,1,1,1,1,1,1,1,1,1,1,1,1,1,1,1,1,1,1,1,1,1,1,1,1,1,1,1,1,1,1,1,1,1,1,1,1,1,1,1,1,1,1,1,1,1,1,1,1,1,1,1,1,1,1,1,1,1,1,1,1,1,1,1,1,1,1,1,1,1,1,1,1,1,1,1,1,1,1,1,1,1,1,1,1,1,1,1,1,1,1,1,1,1,1,1,1,1,1,1,1,1,1,1,1,1,1,1,1,1,1,1,1,1,1,1,1,1,1,1,1,1,1,1,1,1,1,1,1,1,1,1,1,1,1,1,1,1,1,1,1,1,1,1,1,1,1,1,1],"height":10,"name":"ground","opacity":1,"type":"tilelayer","visible":true,"width":15,"x":0,"y":0},{"data":[0,0,0,0,0,0,0,18,0,0,0,0,0,0,0,0,0,0,0,0,0,0,0,0,0,0,0,0,0,0,0,0,0,0,0,0,0,0,0,0,0,0,0,0,0,0,0,0,0,0,0,0,0,0,0,0,0,0,0,0,0,0,0,0,0,0,0,0,0,0,0,0,0,0,0,0,0,0,0,0,0,0,0,0,0,0,0,0,0,0,0,0,0,0,0,0,0,0,0,0,0,0,0,0,0,0,0,0,0,0,0,0,0,0,0,0,0,0,0,0,0,0,0,0,0,0,0,0,0,0,0,0,0,0,0,0,0,0,0,0,0,0,17,0,0,0,0,0,0,0],"height":10,"name":"props","opacity":1,"type":"tilelayer","visible":true,"width":15,"x":0,"y":0},{"data":[0,0,0,0,0,0,0,8,0,0,0,0,0,0,0,0,0,0,0,0,0,0,5,0,0,0,0,0,0,0,0,5,5,9,9,0,0,5,0,0,9,9,5,5,0,0,0,9,0,0,0,0,0,0,0,0,0,9,0,0,0,0,9,0,0,0,0,0,0,0,0,0,9,0,0,0,0,9,0,0,0,0,0,0,0,0,0,9,0,0,0,0,9,0,0,0,0,0,0,0,0,0,9,0,0,0,5,5,9,9,0,0,5,0,0,9,9,5,5,0,0,0,0,0,0,0,0,5,0,0,0,0,0,0,0,0,0,0,0,0,0,0,8,0,0,0,0,0,0,0],"height":10,"name":"blocks","opacity":1,"type":"tilelayer","visible":true,"width":15,"x":0,"y":0},{"data":[25,0,0,0,0,0,0,0,0,0,0,0,0,0,0,0,0,0,0,0,0,0,0,0,0,0,0,0,0,0,0,0,0,0,0,0,0,0,0,0,0,0,0,0,0,0,0,0,0,0,0,0,0,0,0,0,0,0,0,0,0,0,0,0,0,0,0,0,0,0,0,0,0,0,0,0,0,0,0,0,0,0,0,0,0,0,0,0,0,0,0,0,0,0,0,0,0,0,0,0,0,0,0,0,0,0,0,0,0,0,0,0,0,0,0,0,0,0,0,0,0,0,0,0,0,0,0,0,0,0,0,0,0,0,0,26,0,0,0,0,0,0,0,0,0,0,0,0,0,26],"height":10,"name":"characters","opacity":1,"type":"tilelayer","visible":true,"width":15,"x":0,"y":0}],"nextobjectid":1,"orientation":"orthogonal","renderorder":"right-down","tiledversion":"1.0.2","tileheight":64,"tilesets":[{"columns":8,"firstgid":1,"image":"tileset.png","imageheight":512,"imagewidth":512,"margin":0,"name":"tileset","spacing":0,"tilecount":64,"tileheight":64,"tileproperties":{"4":{"health":"30"},"7":{"health":5},"8":{"health":10},"9":{"health":10},"10":{"health":10},"11":{"health":10},"16":{"type":"health_bottle"},"17":{"type":"speed_bottle"},"18":{"type":"laser_bomb"},"19":{"type":"large_bomb"},"20":{"type":"square_bomb"},"24":{"type":"player"},"25":{"type":"zombiepig"},"26":{"type":"ghost"},"27":{"type":"minotaur"},"28":{"type":"batking"}},"tilepropertytypes":{"4":{"health":"string"},"7":{"health":"int"},"8":{"health":"int"},"9":{"health":"int"},"10":{"health":"int"},"11":{"health":"int"},"16":{"type":"string"},"17":{"type":"string"},"18":{"type":"string"},"19":{"type":"string"},"20":{"type":"string"},"24":{"type":"string"},"25":{"type":"string"},"26":{"type":"string"},"27":{"type":"string"},"28":{"type":"string"}},"tilewidth":64}],"tilewidth":64,"type":"map","version":1,"width":15},"map03":{"height":10,"layers":[{"data":[1,1,1,1,1,1,1,1,1,1,1,1,1,1,1,1,1,1,1,1,1,1,1,1,1,1,1,1,1,1,1,1,1,1,1,1,1,1,1,1,1,1,1,1,1,1,1,1,1,1,1,1,1,1,1,1,1,1,1,1,1,1,1,1,1,1,1,1,1,1,1,1,1,1,1,1,1,1,1,1,1,1,1,1,1,1,1,1,1,1,1,1,1,1,1,1,1,1,1,1,1,1,1,1,1,1,1,1,1,1,1,1,1,1,1,1,1,1,1,1,1,1,1,1,1,1,1,1,1,1,1,1,1,1,1,1,1,1,1,1,1,1,1,1,1,1,1,1,1,1],"height":10,"name":"ground","opacity":1,"type":"tilelayer","visible":true,"width":15,"x":0,"y":0},{"data":[0,0,0,0,0,0,0,0,0,0,0,0,0,0,0,0,0,0,0,0,0,0,0,0,0,0,0,0,0,0,0,0,0,0,0,0,0,0,0,0,0,0,0,0,0,0,0,0,0,0,0,0,0,0,0,0,0,0,0,0,0,0,0,0,0,0,0,0,0,0,0,0,0,0,0,0,0,0,0,0,0,0,0,0,0,0,0,0,0,0,0,0,0,0,0,17,0,0,0,19,0,0,0,0,0,0,0,0,0,0,0,0,0,0,0,0,0,0,0,0,0,0,0,0,0,0,0,0,0,0,0,0,0,0,0,0,0,0,0,0,0,0,0,0,0,0,0,0,0,0],"height":10,"name":"props","opacity":1,"type":"tilelayer","visible":true,"width":15,"x":0,"y":0},{"data":[0,0,0,0,0,0,0,0,0,0,0,0,0,0,0,0,0,0,9,9,9,5,5,5,9,9,9,0,0,0,0,0,0,0,0,0,0,5,0,0,0,0,0,0,0,5,5,5,0,0,0,0,0,0,0,0,0,5,5,5,0,0,0,0,0,0,0,0,0,0,0,0,0,0,0,0,0,0,5,5,9,9,9,9,9,5,5,0,0,0,0,0,0,0,0,8,0,0,0,8,0,0,0,0,0,0,0,0,0,0,0,0,5,0,0,0,0,0,0,0,0,0,0,0,0,0,0,5,0,0,0,0,0,0,0,0,0,0,0,0,0,0,5,0,0,0,0,0,0,0],"height":10,"name":"blocks","opacity":1,"type":"tilelayer","visible":true,"width":15,"x":0,"y":0},{"data":[0,0,0,0,0,0,0,0,0,0,0,0,0,0,0,0,0,0,0,0,0,0,0,0,0,0,0,0,0,0,0,0,0,0,0,0,0,0,0,0,0,0,0,0,0,0,0,0,0,0,0,0,0,0,0,0,0,0,0,0,0,0,0,0,0,0,0,25,0,0,0,0,0,0,0,0,0,0,0,0,0,0,0,0,0,0,0,0,0,0,0,0,0,0,0,0,0,0,0,0,0,0,0,0,0,0,0,0,0,0,0,0,0,0,0,0,0,0,0,0,0,0,0,0,0,0,0,0,0,0,0,0,0,0,0,26,0,0,0,0,0,0,0,0,0,0,0,0,0,26],"height":10,"name":"characters","opacity":1,"type":"tilelayer","visible":true,"width":15,"x":0,"y":0}],"nextobjectid":1,"orientation":"orthogonal","renderorder":"right-down","tiledversion":"1.0.2","tileheight":64,"tilesets":[{"columns":8,"firstgid":1,"image":"tileset.png","imageheight":512,"imagewidth":512,"margin":0,"name":"tileset","spacing":0,"tilecount":64,"tileheight":64,"tileproperties":{"4":{"health":"30"},"7":{"health":5},"8":{"health":10},"9":{"health":10},"10":{"health":10},"11":{"health":10},"16":{"type":"health_bottle"},"17":{"type":"speed_bottle"},"18":{"type":"laser_bomb"},"19":{"type":"large_bomb"},"20":{"type":"square_bomb"},"24":{"type":"player"},"25":{"type":"zombiepig"},"26":{"type":"ghost"},"27":{"type":"minotaur"},"28":{"type":"batking"}},"tilepropertytypes":{"4":{"health":"string"},"7":{"health":"int"},"8":{"health":"int"},"9":{"health":"int"},"10":{"health":"int"},"11":{"health":"int"},"16":{"type":"string"},"17":{"type":"string"},"18":{"type":"string"},"19":{"type":"string"},"20":{"type":"string"},"24":{"type":"string"},"25":{"type":"string"},"26":{"type":"string"},"27":{"type":"string"},"28":{"type":"string"}},"tilewidth":64}],"tilewidth":64,"type":"map","version":1,"width":15},"map04":{"height":10,"layers":[{"data":[1,1,1,1,1,1,1,1,1,1,1,1,1,1,1,1,1,1,1,1,1,1,1,1,1,1,1,1,1,1,1,1,1,1,1,1,1,1,1,1,1,1,1,1,1,1,1,1,1,1,1,1,1,1,1,1,1,1,1,1,1,1,1,1,1,1,1,1,1,1,1,1,1,1,1,1,1,1,1,1,1,1,1,1,1,1,1,1,1,1,1,1,1,1,1,1,1,1,1,1,1,1,1,1,1,1,1,1,1,1,1,1,1,1,1,1,1,1,1,1,1,1,1,1,1,1,1,1,1,1,1,1,1,1,1,1,1,1,1,1,1,1,1,1,1,1,1,1,1,1],"height":10,"name":"ground","opacity":1,"type":"tilelayer","visible":true,"width":15,"x":0,"y":0},{"data":[0,0,0,0,0,0,0,0,0,0,0,0,0,0,0,0,0,0,0,0,0,0,17,0,0,0,0,0,0,0,0,0,0,0,0,0,0,0,0,0,0,0,0,0,0,0,0,0,0,0,0,0,0,0,0,0,0,0,0,0,0,0,0,0,0,0,0,18,0,0,0,0,0,0,0,0,0,0,0,0,0,0,19,0,0,0,0,0,0,0,0,0,0,0,0,0,0,0,0,0,0,0,0,0,0,0,0,0,0,0,0,0,0,0,0,0,0,0,0,0,0,0,0,0,0,0,0,17,0,0,0,0,0,0,0,0,0,0,0,0,0,0,0,0,0,0,0,0,0,0],"height":10,"name":"props","opacity":1,"type":"tilelayer","visible":true,"width":15,"x":0,"y":0},{"data":[0,0,0,0,0,0,0,9,0,0,0,0,0,0,0,0,5,0,0,0,9,9,8,9,9,0,0,0,5,0,0,0,5,0,0,0,0,9,0,0,0,0,5,0,0,0,0,0,5,0,0,0,0,0,0,0,5,0,0,0,6,6,0,0,0,0,6,8,6,0,0,0,0,6,6,6,6,0,0,0,0,6,8,6,0,0,0,0,6,6,0,0,0,5,0,0,0,0,0,0,0,5,0,0,0,0,0,5,0,0,0,0,9,0,0,0,0,5,0,0,0,5,0,0,0,9,9,8,9,9,0,0,0,5,0,0,0,0,0,0,0,0,9,0,0,0,0,0,0,0],"height":10,"name":"blocks","opacity":1,"type":"tilelayer","visible":true,"width":15,"x":0,"y":0},{"data":[25,0,0,0,0,0,0,0,0,0,0,0,0,0,26,0,0,0,0,0,0,0,0,0,0,0,0,0,0,0,0,0,0,0,0,0,0,0,0,0,0,0,0,0,0,0,0,0,0,0,0,0,0,0,0,0,0,0,0,0,0,0,0,0,0,0,0,0,0,0,0,0,0,0,0,0,0,0,0,0,0,0,0,0,0,0,0,0,0,0,0,0,0,0,0,0,0,0,0,0,0,0,0,0,0,0,0,0,0,0,0,0,0,0,0,0,0,0,0,0,0,0,0,0,0,0,0,0,0,0,0,0,0,0,0,26,0,0,0,0,0,0,0,0,0,0,0,0,0,27],"height":10,"name":"characters","opacity":1,"type":"tilelayer","visible":true,"width":15,"x":0,"y":0}],"nextobjectid":1,"orientation":"orthogonal","renderorder":"right-down","tiledversion":"1.0.2","tileheight":64,"tilesets":[{"columns":8,"firstgid":1,"image":"tileset.png","imageheight":512,"imagewidth":512,"margin":0,"name":"tileset","spacing":0,"tilecount":64,"tileheight":64,"tileproperties":{"4":{"health":"30"},"7":{"health":5},"8":{"health":10},"9":{"health":10},"10":{"health":10},"11":{"health":10},"16":{"type":"health_bottle"},"17":{"type":"speed_bottle"},"18":{"type":"laser_bomb"},"19":{"type":"large_bomb"},"20":{"type":"square_bomb"},"24":{"type":"player"},"25":{"type":"zombiepig"},"26":{"type":"ghost"},"27":{"type":"minotaur"},"28":{"type":"batking"}},"tilepropertytypes":{"4":{"health":"string"},"7":{"health":"int"},"8":{"health":"int"},"9":{"health":"int"},"10":{"health":"int"},"11":{"health":"int"},"16":{"type":"string"},"17":{"type":"string"},"18":{"type":"string"},"19":{"type":"string"},"20":{"type":"string"},"24":{"type":"string"},"25":{"type":"string"},"26":{"type":"string"},"27":{"type":"string"},"28":{"type":"string"}},"tilewidth":64}],"tilewidth":64,"type":"map","version":1,"width":15},"map05":{"height":10,"layers":[{"data":[1,1,1,1,1,1,1,1,2,2,2,2,2,2,2,1,1,1,1,1,1,1,1,2,2,2,2,2,2,2,1,1,1,1,1,1,1,1,2,2,2,2,2,2,2,1,1,1,1,1,1,1,1,2,2,2,2,2,2,2,1,1,1,1,1,1,1,1,2,2,2,2,2,2,2,1,1,1,1,1,1,1,1,2,2,2,2,2,2,2,1,1,1,1,1,1,1,1,2,2,2,2,2,2,2,1,1,1,1,1,1,1,1,2,2,2,2,2,2,2,1,1,1,1,1,1,1,1,2,2,2,2,2,2,2,1,1,1,1,1,1,1,1,2,2,2,2,2,2,2],"height":10,"name":"ground","opacity":1,"type":"tilelayer","visible":true,"width":15,"x":0,"y":0},{"data":[0,0,0,0,0,0,0,0,0,0,0,0,0,0,0,0,0,0,0,0,0,0,0,0,0,0,0,0,17,0,0,0,0,0,0,0,0,0,0,0,0,0,0,19,0,0,0,0,0,0,0,0,0,0,0,0,0,0,0,0,0,0,0,0,0,0,0,0,0,0,0,0,0,0,0,0,0,0,0,0,0,0,0,0,0,0,0,0,0,0,0,0,0,0,0,0,0,0,0,0,0,0,0,0,0,0,0,0,0,0,0,0,0,18,0,0,0,0,0,0,0,0,0,0,0,0,0,0,18,0,0,0,0,0,0,0,0,0,0,0,0,0,0,18,0,0,0,0,0,0],"height":10,"name":"props","opacity":1,"type":"tilelayer","visible":true,"width":15,"x":0,"y":0},{"data":[0,0,0,0,0,0,0,0,10,0,0,0,0,0,0,0,10,0,0,0,0,0,0,10,0,9,0,0,8,0,0,0,0,9,9,9,9,9,10,0,9,0,0,8,0,0,0,0,0,0,0,0,9,10,0,0,0,0,0,0,0,5,5,5,5,5,0,9,10,0,5,5,5,5,0,0,0,0,0,0,0,0,9,10,0,0,0,0,0,0,0,0,0,0,9,0,0,0,0,0,0,10,0,0,0,0,0,0,9,0,0,0,6,8,6,0,0,10,0,0,0,0,9,0,0,0,0,6,8,6,0,0,0,10,0,0,0,0,0,0,0,0,0,8,0,0,0,0,0,0],"height":10,"name":"blocks","opacity":1,"type":"tilelayer","visible":true,"width":15,"x":0,"y":0},{"data":[0,0,0,0,0,0,0,25,0,0,0,0,0,0,0,0,0,0,0,0,0,0,0,0,0,0,0,0,0,0,0,0,0,0,0,0,0,0,0,0,0,0,0,0,0,0,0,0,0,0,0,0,0,0,0,0,0,0,0,0,0,0,0,0,0,0,0,0,0,0,0,0,0,0,0,0,0,0,0,0,0,0,0,0,0,0,0,0,0,0,0,0,0,0,0,0,0,0,0,0,0,0,0,0,0,0,0,0,0,0,0,0,0,0,0,0,0,0,0,0,0,0,0,0,0,0,0,0,0,0,0,0,0,0,0,26,0,0,0,0,0,0,26,0,0,0,0,0,0,27],"height":10,"name":"characters","opacity":1,"type":"tilelayer","visible":true,"width":15,"x":0,"y":0}],"nextobjectid":1,"orientation":"orthogonal","renderorder":"right-down","tiledversion":"1.0.2","tileheight":64,"tilesets":[{"columns":8,"firstgid":1,"image":"tileset.png","imageheight":512,"imagewidth":512,"margin":0,"name":"tileset","spacing":0,"tilecount":64,"tileheight":64,"tileproperties":{"4":{"health":"30"},"7":{"health":5},"8":{"health":10},"9":{"health":10},"10":{"health":10},"11":{"health":10},"16":{"type":"health_bottle"},"17":{"type":"speed_bottle"},"18":{"type":"laser_bomb"},"19":{"type":"large_bomb"},"20":{"type":"square_bomb"},"24":{"type":"player"},"25":{"type":"zombiepig"},"26":{"type":"ghost"},"27":{"type":"minotaur"},"28":{"type":"batking"}},"tilepropertytypes":{"4":{"health":"string"},"7":{"health":"int"},"8":{"health":"int"},"9":{"health":"int"},"10":{"health":"int"},"11":{"health":"int"},"16":{"type":"string"},"17":{"type":"string"},"18":{"type":"string"},"19":{"type":"string"},"20":{"type":"string"},"24":{"type":"string"},"25":{"type":"string"},"26":{"type":"string"},"27":{"type":"string"},"28":{"type":"string"}},"tilewidth":64}],"tilewidth":64,"type":"map","version":1,"width":15},"map06":{"height":10,"layers":[{"data":[2,2,2,2,2,2,2,2,2,2,2,2,2,2,2,2,2,2,2,2,2,2,2,2,2,2,2,2,2,2,2,2,2,2,2,2,2,2,2,2,2,2,2,2,2,2,2,2,2,2,2,2,2,2,2,2,2,2,2,2,2,2,2,2,2,2,2,2,2,2,2,2,2,2,2,2,2,2,2,2,2,2,2,2,2,2,2,2,2,2,2,2,2,2,2,2,2,2,2,2,2,2,2,2,2,2,2,2,2,2,2,2,2,2,2,2,2,2,2,2,2,2,2,2,2,2,2,2,2,2,2,2,2,2,2,2,2,2,2,2,2,2,2,2,2,2,2,2,2,2],"height":10,"name":"ground","opacity":1,"type":"tilelayer","visible":true,"width":15,"x":0,"y":0},{"data":[0,0,0,0,0,0,0,0,0,0,0,0,0,0,0,0,0,0,0,0,0,0,0,0,0,0,0,0,0,0,0,0,0,0,0,0,0,19,0,0,0,0,0,0,0,0,0,0,0,0,0,0,0,0,0,0,0,0,0,0,0,0,0,0,0,0,0,0,0,0,0,0,0,0,0,0,0,17,0,0,0,0,0,0,0,0,0,18,0,0,0,0,0,0,0,0,0,0,0,0,0,0,0,0,0,0,0,0,0,0,0,0,0,0,0,0,0,0,0,0,0,0,0,0,0,0,0,0,0,0,0,0,0,0,0,0,0,0,0,0,0,0,0,0,0,0,0,0,0,0],"height":10,"name":"props","opacity":1,"type":"tilelayer","visible":true,"width":15,"x":0,"y":0},{"data":[0,6,6,0,0,0,0,0,0,0,0,0,6,6,0,0,0,0,0,0,5,0,0,0,5,0,0,0,0,0,0,10,10,10,10,5,0,8,0,5,10,10,10,10,0,0,0,0,0,0,10,10,10,10,10,0,0,0,0,0,0,0,0,5,0,0,0,0,0,0,0,5,0,0,0,0,0,8,5,0,0,0,0,0,0,0,5,8,0,0,0,0,0,5,0,0,0,0,0,0,0,5,0,0,0,0,0,0,0,0,0,6,0,6,0,0,0,0,0,0,5,5,5,10,10,10,6,0,6,10,10,10,5,5,5,0,0,0,0,0,0,0,0,0,0,0,0,0,0,0],"height":10,"name":"blocks","opacity":1,"type":"tilelayer","visible":true,"width":15,"x":0,"y":0},{"data":[0,0,0,0,0,0,0,25,0,0,0,0,0,0,0,0,0,0,0,0,0,0,0,0,0,0,0,0,0,0,0,0,0,0,0,0,0,0,0,0,0,0,0,0,0,0,0,0,0,0,0,0,0,0,0,0,0,0,0,0,0,0,0,0,0,0,0,0,0,0,0,0,0,0,0,0,0,0,0,0,0,0,0,0,0,0,0,0,0,0,0,0,0,0,0,0,0,0,0,0,0,0,0,0,0,0,0,0,0,0,0,0,0,0,0,0,0,0,0,0,0,0,0,0,0,0,0,0,0,0,0,0,0,0,0,27,0,0,0,0,0,0,26,0,0,0,0,0,0,27],"height":10,"name":"characters","opacity":1,"type":"tilelayer","visible":true,"width":15,"x":0,"y":0}],"nextobjectid":1,"orientation":"orthogonal","renderorder":"right-down","tiledversion":"1.0.2","tileheight":64,"tilesets":[{"columns":8,"firstgid":1,"image":"tileset.png","imageheight":512,"imagewidth":512,"margin":0,"name":"tileset","spacing":0,"tilecount":64,"tileheight":64,"tileproperties":{"4":{"health":"30"},"7":{"health":5},"8":{"health":10},"9":{"health":10},"10":{"health":10},"11":{"health":10},"16":{"type":"health_bottle"},"17":{"type":"speed_bottle"},"18":{"type":"laser_bomb"},"19":{"type":"large_bomb"},"20":{"type":"square_bomb"},"24":{"type":"player"},"25":{"type":"zombiepig"},"26":{"type":"ghost"},"27":{"type":"minotaur"},"28":{"type":"batking"}},"tilepropertytypes":{"4":{"health":"string"},"7":{"health":"int"},"8":{"health":"int"},"9":{"health":"int"},"10":{"health":"int"},"11":{"health":"int"},"16":{"type":"string"},"17":{"type":"string"},"18":{"type":"string"},"19":{"type":"string"},"20":{"type":"string"},"24":{"type":"string"},"25":{"type":"string"},"26":{"type":"string"},"27":{"type":"string"},"28":{"type":"string"}},"tilewidth":64}],"tilewidth":64,"type":"map","version":1,"width":15},"map07":{"height":10,"layers":[{"data":[2,2,2,2,2,2,2,2,2,2,2,2,2,2,2,2,2,2,2,2,2,2,2,2,2,2,2,2,2,2,2,2,2,2,2,2,2,2,2,2,2,2,2,2,2,2,2,2,2,2,2,2,2,2,2,2,2,2,2,2,2,2,2,2,2,2,2,2,2,2,2,2,2,2,2,2,2,2,2,2,2,2,2,2,2,2,2,2,2,2,2,2,2,2,2,2,2,2,2,2,2,2,2,2,2,2,2,2,2,2,2,2,2,2,2,2,2,2,2,2,2,2,2,2,2,2,2,2,2,2,2,2,2,2,2,2,2,2,2,2,2,2,2,2,2,2,2,2,2,2],"height":10,"name":"ground","opacity":1,"type":"tilelayer","visible":true,"width":15,"x":0,"y":0},{"data":[0,0,0,0,0,0,0,0,0,0,0,0,0,0,0,0,0,0,0,0,0,0,0,0,0,0,0,0,0,0,0,0,0,0,0,0,0,0,0,0,0,0,0,0,0,0,0,0,0,0,0,0,17,0,0,0,0,0,0,0,0,0,0,0,0,0,0,20,0,0,0,0,0,0,0,0,0,0,0,0,0,0,18,0,0,0,0,0,0,0,0,0,0,0,0,0,0,0,0,0,0,0,0,0,0,0,0,0,0,0,0,0,0,0,0,0,0,0,0,0,0,0,0,0,0,0,0,0,0,0,0,0,0,0,0,0,0,0,0,0,0,0,0,0,0,0,0,0,0,0],"height":10,"name":"props","opacity":1,"type":"tilelayer","visible":true,"width":15,"x":0,"y":0},{"data":[0,0,0,0,0,0,0,0,0,0,0,0,0,0,0,0,6,0,0,0,0,5,5,5,0,0,0,0,6,0,0,0,0,10,10,10,0,0,0,10,10,10,0,0,0,0,10,0,0,0,0,0,8,0,0,0,0,0,10,0,0,10,0,0,6,6,6,8,6,6,6,0,0,10,0,0,10,0,0,0,0,0,8,0,0,0,0,0,10,0,0,0,0,10,10,10,0,0,0,10,10,10,0,0,0,0,5,0,0,0,0,0,0,0,0,0,0,0,5,0,0,5,5,0,0,0,5,5,5,0,0,0,5,5,0,0,0,0,0,0,0,0,0,0,0,0,0,0,0,0],"height":10,"name":"blocks","opacity":1,"type":"tilelayer","visible":true,"width":15,"x":0,"y":0},{"data":[0,0,0,0,0,0,0,25,0,0,0,0,0,0,0,0,0,0,0,0,0,0,0,0,0,0,0,0,0,0,0,0,0,0,0,0,0,0,0,0,0,0,0,0,0,0,0,0,0,0,0,0,0,0,0,0,0,0,0,0,0,0,0,0,0,0,0,0,0,0,0,0,0,0,0,0,0,0,0,0,0,0,0,0,0,0,0,0,0,0,0,0,0,0,0,0,0,0,0,0,0,0,0,0,0,0,0,0,0,0,0,0,0,0,0,0,0,0,0,0,0,0,0,0,0,0,0,0,0,0,0,0,0,0,0,27,0,0,0,0,0,0,27,0,0,0,0,0,0,27],"height":10,"name":"characters","opacity":1,"type":"tilelayer","visible":true,"width":15,"x":0,"y":0}],"nextobjectid":1,"orientation":"orthogonal","renderorder":"right-down","tiledversion":"1.0.2","tileheight":64,"tilesets":[{"columns":8,"firstgid":1,"image":"tileset.png","imageheight":512,"imagewidth":512,"margin":0,"name":"tileset","spacing":0,"tilecount":64,"tileheight":64,"tileproperties":{"4":{"health":"30"},"7":{"health":5},"8":{"health":10},"9":{"health":10},"10":{"health":10},"11":{"health":10},"16":{"type":"health_bottle"},"17":{"type":"speed_bottle"},"18":{"type":"laser_bomb"},"19":{"type":"large_bomb"},"20":{"type":"square_bomb"},"24":{"type":"player"},"25":{"type":"zombiepig"},"26":{"type":"ghost"},"27":{"type":"minotaur"},"28":{"type":"batking"}},"tilepropertytypes":{"4":{"health":"string"},"7":{"health":"int"},"8":{"health":"int"},"9":{"health":"int"},"10":{"health":"int"},"11":{"health":"int"},"16":{"type":"string"},"17":{"type":"string"},"18":{"type":"string"},"19":{"type":"string"},"20":{"type":"string"},"24":{"type":"string"},"25":{"type":"string"},"26":{"type":"string"},"27":{"type":"string"},"28":{"type":"string"}},"tilewidth":64}],"tilewidth":64,"type":"map","version":1,"width":15},"map08":{"height":10,"layers":[{"data":[2,2,2,2,2,2,2,2,2,2,2,2,2,2,2,2,2,2,2,2,2,2,2,2,2,2,2,2,2,2,2,2,2,2,2,2,2,2,2,2,2,2,2,2,2,2,2,2,2,2,2,2,2,2,2,2,2,2,2,2,2,2,2,2,2,2,2,2,2,2,2,2,2,2,2,2,2,2,2,2,2,2,2,2,2,2,2,2,2,2,2,2,2,2,2,2,2,2,2,2,2,2,2,2,2,2,2,2,2,2,2,2,2,2,2,2,2,2,2,2,2,2,2,2,2,2,2,2,2,2,2,2,2,2,2,2,2,2,2,2,2,2,2,2,2,2,2,2,2,2],"height":10,"name":"ground","opacity":1,"type":"tilelayer","visible":true,"width":15,"x":0,"y":0},{"data":[0,0,0,0,0,0,0,0,0,0,0,0,0,0,0,0,0,0,0,0,0,0,0,0,0,19,0,0,0,0,0,0,0,0,0,0,0,0,0,0,0,0,0,0,0,0,0,0,0,0,0,0,0,18,0,0,0,0,0,0,0,0,0,0,0,0,0,0,0,0,0,0,0,0,0,0,0,0,0,0,0,0,0,0,0,0,0,0,0,0,0,0,0,0,0,0,17,0,0,0,0,0,0,0,0,0,0,0,0,0,0,0,0,0,0,0,0,0,0,0,0,0,0,0,20,0,0,0,0,0,0,0,0,0,0,0,0,0,0,0,0,0,0,0,0,0,0,0,0,0],"height":10,"name":"props","opacity":1,"type":"tilelayer","visible":true,"width":15,"x":0,"y":0},{"data":[0,0,0,0,0,10,0,0,0,10,0,0,5,0,0,0,0,0,6,0,0,10,0,0,0,8,0,0,0,0,0,0,0,0,6,0,0,10,0,0,0,0,10,0,0,0,5,0,0,0,6,0,0,8,0,5,0,0,10,0,0,0,5,0,0,0,6,0,0,0,0,5,0,0,10,10,0,0,5,0,0,0,0,6,0,0,0,5,0,0,0,10,0,0,5,0,8,0,0,6,0,0,0,5,0,0,0,10,0,0,0,0,10,0,0,6,0,0,0,0,0,0,0,0,8,0,0,0,10,0,0,6,0,0,0,0,0,5,0,0,10,0,0,0,10,0,0,0,0,0],"height":10,"name":"blocks","opacity":1,"type":"tilelayer","visible":true,"width":15,"x":0,"y":0},{"data":[25,0,0,0,0,0,0,0,0,0,0,0,0,0,0,0,0,0,0,0,0,0,0,0,0,0,0,0,0,0,0,0,0,0,0,0,0,0,0,0,0,0,0,0,0,0,0,0,0,0,0,0,0,0,0,0,0,0,0,0,0,0,0,0,0,0,0,0,0,0,0,0,0,0,0,0,0,0,0,0,0,0,0,0,0,0,0,0,0,0,0,0,0,0,0,0,0,0,0,0,0,0,0,0,0,0,0,0,0,0,0,0,0,0,0,0,0,0,0,27,0,0,0,0,0,0,0,0,0,0,0,0,0,0,0,0,0,0,0,0,0,0,0,0,0,0,0,27,0,27],"height":10,"name":"characters","opacity":1,"type":"tilelayer","visible":true,"width":15,"x":0,"y":0}],"nextobjectid":1,"orientation":"orthogonal","renderorder":"right-down","tiledversion":"1.0.2","tileheight":64,"tilesets":[{"columns":8,"firstgid":1,"image":"tileset.png","imageheight":512,"imagewidth":512,"margin":0,"name":"tileset","spacing":0,"tilecount":64,"tileheight":64,"tileproperties":{"4":{"health":"30"},"7":{"health":5},"8":{"health":10},"9":{"health":10},"10":{"health":10},"11":{"health":10},"16":{"type":"health_bottle"},"17":{"type":"speed_bottle"},"18":{"type":"laser_bomb"},"19":{"type":"large_bomb"},"20":{"type":"square_bomb"},"24":{"type":"player"},"25":{"type":"zombiepig"},"26":{"type":"ghost"},"27":{"type":"minotaur"},"28":{"type":"batking"}},"tilepropertytypes":{"4":{"health":"string"},"7":{"health":"int"},"8":{"health":"int"},"9":{"health":"int"},"10":{"health":"int"},"11":{"health":"int"},"16":{"type":"string"},"17":{"type":"string"},"18":{"type":"string"},"19":{"type":"string"},"20":{"type":"string"},"24":{"type":"string"},"25":{"type":"string"},"26":{"type":"string"},"27":{"type":"string"},"28":{"type":"string"}},"tilewidth":64}],"tilewidth":64,"type":"map","version":1,"width":15},"map09":{"height":10,"layers":[{"data":[2,2,2,2,2,2,2,2,2,2,2,2,2,2,2,2,2,2,2,2,2,2,2,2,2,2,2,2,2,2,2,2,2,2,2,2,2,2,2,2,2,2,2,2,2,2,2,2,2,2,2,2,2,2,2,2,2,2,2,2,2,2,2,2,2,2,2,2,2,2,2,2,2,2,2,2,2,2,2,2,2,2,2,2,2,2,2,2,2,2,2,2,2,2,2,2,2,2,2,2,2,2,2,2,2,2,2,2,2,2,2,2,2,2,2,2,2,2,2,2,2,2,2,2,2,2,2,2,2,2,2,2,2,2,2,2,2,2,2,2,2,2,2,2,2,2,2,2,2,2],"height":10,"name":"ground","opacity":1,"type":"tilelayer","visible":true,"width":15,"x":0,"y":0},{"data":[0,0,0,0,0,0,0,0,0,0,0,0,0,0,0,0,0,0,0,0,0,0,0,0,0,0,0,0,0,0,0,0,0,0,0,0,0,0,0,0,0,0,0,0,0,0,0,0,0,0,0,0,0,0,0,0,0,0,0,0,0,0,0,0,0,0,0,18,0,0,0,0,0,0,0,0,0,0,0,0,0,20,17,21,0,0,0,0,0,0,0,0,0,0,0,0,0,0,0,0,0,0,0,0,0,0,0,0,0,0,0,0,0,0,0,0,0,0,0,0,0,0,0,0,0,0,0,0,0,0,0,0,0,0,0,0,0,0,0,0,0,0,0,0,0,0,0,0,0,0],"height":10,"name":"props","opacity":1,"type":"tilelayer","visible":true,"width":15,"x":0,"y":0},{"data":[0,0,6,0,0,0,0,0,0,0,0,0,6,0,0,0,0,0,6,0,0,0,0,0,0,0,6,0,0,0,0,10,0,0,10,10,10,0,10,10,10,0,0,10,0,0,0,5,0,10,0,0,0,0,0,10,0,5,0,0,0,0,5,0,10,0,5,8,5,0,10,0,5,0,0,0,0,5,0,0,0,8,8,8,0,0,0,5,0,0,0,0,5,0,10,0,5,5,5,0,10,0,5,0,0,0,0,5,0,10,0,0,0,0,0,10,0,5,0,0,0,10,0,0,10,10,10,0,10,10,10,0,0,10,0,0,0,0,6,0,0,0,0,0,0,0,6,0,0,0],"height":10,"name":"blocks","opacity":1,"type":"tilelayer","visible":true,"width":15,"x":0,"y":0},{"data":[0,0,0,0,0,0,0,25,0,0,0,0,0,0,0,0,0,0,0,0,0,0,0,0,0,0,0,0,0,0,0,0,0,0,0,0,0,0,0,0,0,0,0,0,0,0,0,0,0,0,0,0,0,0,0,0,0,0,0,0,0,0,0,0,0,0,0,0,0,0,0,0,0,0,0,27,0,0,0,0,0,0,0,0,0,0,0,0,0,27,0,0,0,0,0,0,0,0,0,0,0,0,0,0,0,0,0,0,0,0,0,0,0,0,0,0,0,0,0,0,0,0,0,0,0,0,0,0,0,0,0,0,0,0,0,0,0,0,0,0,0,0,28,0,0,0,0,0,0,0],"height":10,"name":"characters","opacity":1,"type":"tilelayer","visible":true,"width":15,"x":0,"y":0}],"nextobjectid":1,"orientation":"orthogonal","renderorder":"right-down","tiledversion":"1.0.2","tileheight":64,"tilesets":[{"columns":8,"firstgid":1,"image":"tileset.png","imageheight":512,"imagewidth":512,"margin":0,"name":"tileset","spacing":0,"tilecount":64,"tileheight":64,"tileproperties":{"4":{"health":"30"},"7":{"health":5},"8":{"health":10},"9":{"health":10},"10":{"health":10},"11":{"health":10},"16":{"type":"health_bottle"},"17":{"type":"speed_bottle"},"18":{"type":"laser_bomb"},"19":{"type":"large_bomb"},"20":{"type":"square_bomb"},"24":{"type":"player"},"25":{"type":"zombiepig"},"26":{"type":"ghost"},"27":{"type":"minotaur"},"28":{"type":"batking"}},"tilepropertytypes":{"4":{"health":"string"},"7":{"health":"int"},"8":{"health":"int"},"9":{"health":"int"},"10":{"health":"int"},"11":{"health":"int"},"16":{"type":"string"},"17":{"type":"string"},"18":{"type":"string"},"19":{"type":"string"},"20":{"type":"string"},"24":{"type":"string"},"25":{"type":"string"},"26":{"type":"string"},"27":{"type":"string"},"28":{"type":"string"}},"tilewidth":64}],"tilewidth":64,"type":"map","version":1,"width":15},"map10":{"height":10,"layers":[{"data":[3,3,3,3,3,3,3,3,3,3,3,3,3,3,3,3,3,3,3,3,3,3,3,3,3,3,3,3,3,3,3,3,3,3,3,3,3,3,3,3,3,3,3,3,3,3,3,3,3,3,3,3,3,3,3,3,3,3,3,3,3,3,3,3,3,3,3,3,3,3,3,3,3,3,3,3,3,3,3,3,3,3,3,3,3,3,3,3,3,3,3,3,3,3,3,3,3,3,3,3,3,3,3,3,3,3,3,3,3,3,3,3,3,3,3,3,3,3,3,3,3,3,3,3,3,3,3,3,3,3,3,3,3,3,3,3,3,3,3,3,3,3,3,3,3,3,3,3,3,3],"height":10,"name":"ground","opacity":1,"type":"tilelayer","visible":true,"width":15,"x":0,"y":0},{"data":[0,0,0,0,0,0,0,20,0,0,0,0,0,0,0,0,0,0,0,0,0,0,0,0,0,0,0,0,0,0,0,0,0,0,0,0,0,0,0,0,0,0,0,0,0,0,17,0,0,0,0,0,0,0,0,0,0,0,18,0,0,0,0,0,0,0,0,0,0,0,0,0,0,0,0,0,0,0,0,0,0,0,0,0,0,0,0,0,0,0,0,0,0,0,0,0,0,0,0,0,0,0,0,0,0,0,0,0,0,0,0,0,0,0,0,0,0,0,0,0,0,0,0,0,0,0,0,19,0,0,0,0,0,0,0,0,0,0,0,0,0,0,0,0,0,0,0,0,0,0],"height":10,"name":"props","opacity":1,"type":"tilelayer","visible":true,"width":15,"x":0,"y":0},{"data":[0,0,0,0,0,0,0,8,0,0,0,0,0,0,0,0,0,0,0,11,11,11,11,11,11,11,0,0,0,0,5,5,5,0,0,0,0,0,0,0,0,0,5,5,5,0,8,5,0,6,6,6,6,6,6,6,0,5,8,0,0,0,5,0,0,0,0,0,0,0,0,0,5,0,0,0,0,5,0,11,11,11,11,11,11,11,0,5,0,0,0,0,5,0,0,0,0,0,0,0,0,0,5,0,0,0,0,5,0,6,6,6,6,6,6,6,0,5,0,0,0,0,5,0,0,0,0,8,0,0,0,0,5,0,0,0,0,0,0,0,0,0,0,0,0,0,0,0,0,0],"height":10,"name":"blocks","opacity":1,"type":"tilelayer","visible":true,"width":15,"x":0,"y":0},{"data":[25,0,0,0,0,0,0,0,0,0,0,0,0,0,0,0,0,0,0,0,0,0,0,0,0,0,0,0,0,0,0,0,0,0,0,0,0,0,0,0,0,0,0,0,0,0,0,0,0,0,0,0,0,0,0,0,0,0,0,0,0,0,0,0,0,0,0,0,0,0,0,0,0,0,0,0,0,0,0,0,0,0,0,0,0,0,0,0,0,0,0,0,0,0,0,0,0,0,0,0,0,0,0,0,0,0,0,0,0,0,0,0,0,0,0,0,0,0,0,0,0,0,0,0,0,0,0,0,0,0,0,0,0,0,0,28,0,0,0,0,0,0,0,0,0,0,0,0,0,28],"height":10,"name":"characters","opacity":1,"type":"tilelayer","visible":true,"width":15,"x":0,"y":0}],"nextobjectid":1,"orientation":"orthogonal","renderorder":"right-down","tiledversion":"1.0.2","tileheight":64,"tilesets":[{"columns":8,"firstgid":1,"image":"tileset.png","imageheight":512,"imagewidth":512,"margin":0,"name":"tileset","spacing":0,"tilecount":64,"tileheight":64,"tileproperties":{"4":{"health":"30"},"7":{"health":5},"8":{"health":10},"9":{"health":10},"10":{"health":10},"11":{"health":10},"16":{"type":"health_bottle"},"17":{"type":"speed_bottle"},"18":{"type":"laser_bomb"},"19":{"type":"large_bomb"},"20":{"type":"square_bomb"},"24":{"type":"player"},"25":{"type":"zombiepig"},"26":{"type":"ghost"},"27":{"type":"minotaur"},"28":{"type":"batking"}},"tilepropertytypes":{"4":{"health":"string"},"7":{"health":"int"},"8":{"health":"int"},"9":{"health":"int"},"10":{"health":"int"},"11":{"health":"int"},"16":{"type":"string"},"17":{"type":"string"},"18":{"type":"string"},"19":{"type":"string"},"20":{"type":"string"},"24":{"type":"string"},"25":{"type":"string"},"26":{"type":"string"},"27":{"type":"string"},"28":{"type":"string"}},"tilewidth":64}],"tilewidth":64,"type":"map","version":1,"width":15},"map11":{"height":10,"layers":[{"data":[3,3,3,3,3,3,3,3,3,3,3,3,3,3,3,3,3,3,3,3,3,3,3,3,3,3,3,3,3,3,3,3,3,3,3,3,3,3,3,3,3,3,3,3,3,3,3,3,3,3,3,3,3,3,3,3,3,3,3,3,3,3,3,3,3,3,3,3,3,3,3,3,3,3,3,3,3,3,3,3,3,3,3,3,3,3,3,3,3,3,3,3,3,3,3,3,3,3,3,3,3,3,3,3,3,3,3,3,3,3,3,3,3,3,3,3,3,3,3,3,3,3,3,3,3,3,3,3,3,3,3,3,3,3,3,3,3,3,3,3,3,3,3,3,3,3,3,3,3,3],"height":10,"name":"ground","opacity":1,"type":"tilelayer","visible":true,"width":15,"x":0,"y":0},{"data":[0,0,0,0,0,0,0,0,0,0,0,0,0,0,0,0,0,0,0,0,0,0,0,0,0,0,0,0,0,0,0,0,0,0,0,0,0,0,0,0,0,0,0,0,0,0,0,0,0,0,0,0,0,0,0,0,0,0,0,0,0,0,0,0,0,0,20,21,0,0,0,0,0,0,0,0,0,0,0,0,0,19,18,17,0,0,0,0,0,0,0,0,0,0,0,0,0,0,0,0,0,0,0,0,0,0,0,0,0,0,0,0,0,0,0,0,0,0,0,0,0,0,0,0,0,0,0,0,0,0,0,0,0,0,0,0,0,0,0,0,0,0,0,0,0,0,0,0,0,0],"height":10,"name":"props","opacity":1,"type":"tilelayer","visible":true,"width":15,"x":0,"y":0},{"data":[0,0,0,0,0,0,0,0,0,0,0,0,0,0,0,0,5,0,11,11,0,5,0,5,0,11,11,0,5,0,0,5,0,0,0,0,5,0,5,0,0,0,0,5,0,0,0,0,6,6,0,0,0,0,0,6,6,0,0,0,0,0,0,0,0,0,8,8,0,0,0,0,0,0,0,0,0,0,6,6,0,8,8,8,0,6,6,0,0,0,0,5,0,0,0,0,0,0,0,0,0,0,0,5,0,0,5,0,11,11,0,5,0,5,0,11,11,0,5,0,0,0,0,0,0,0,5,0,5,0,0,0,0,0,0,0,0,0,0,0,0,0,0,0,0,0,0,0,0,0],"height":10,"name":"blocks","opacity":1,"type":"tilelayer","visible":true,"width":15,"x":0,"y":0},{"data":[25,0,0,0,0,0,0,0,0,0,0,0,0,0,26,0,0,0,0,0,0,0,0,0,0,0,0,0,0,0,0,0,0,0,0,0,0,0,0,0,0,0,0,0,0,0,0,0,0,0,0,0,0,0,0,0,0,0,0,0,0,0,0,0,0,0,0,0,0,0,0,0,0,0,0,0,0,0,0,0,0,0,0,0,0,0,0,0,0,0,0,0,0,0,0,0,0,0,0,0,0,0,0,0,0,0,0,0,0,0,0,0,0,0,0,0,0,0,0,0,0,0,0,0,0,0,0,0,0,0,0,0,0,0,0,28,0,0,0,0,0,0,0,0,0,0,0,0,0,28],"height":10,"name":"characters","opacity":1,"type":"tilelayer","visible":true,"width":15,"x":0,"y":0}],"nextobjectid":1,"orientation":"orthogonal","renderorder":"right-down","tiledversion":"1.0.2","tileheight":64,"tilesets":[{"columns":8,"firstgid":1,"image":"tileset.png","imageheight":512,"imagewidth":512,"margin":0,"name":"tileset","spacing":0,"tilecount":64,"tileheight":64,"tileproperties":{"4":{"health":"30"},"7":{"health":5},"8":{"health":10},"9":{"health":10},"10":{"health":10},"11":{"health":10},"16":{"type":"health_bottle"},"17":{"type":"speed_bottle"},"18":{"type":"laser_bomb"},"19":{"type":"large_bomb"},"20":{"type":"square_bomb"},"24":{"type":"player"},"25":{"type":"zombiepig"},"26":{"type":"ghost"},"27":{"type":"minotaur"},"28":{"type":"batking"}},"tilepropertytypes":{"4":{"health":"string"},"7":{"health":"int"},"8":{"health":"int"},"9":{"health":"int"},"10":{"health":"int"},"11":{"health":"int"},"16":{"type":"string"},"17":{"type":"string"},"18":{"type":"string"},"19":{"type":"string"},"20":{"type":"string"},"24":{"type":"string"},"25":{"type":"string"},"26":{"type":"string"},"27":{"type":"string"},"28":{"type":"string"}},"tilewidth":64}],"tilewidth":64,"type":"map","version":1,"width":15},"map12":{"height":10,"layers":[{"data":[3,3,3,3,3,3,3,3,3,3,3,3,3,3,3,3,3,3,3,3,3,3,3,3,3,3,3,3,3,3,3,3,3,3,3,3,3,3,3,3,3,3,3,3,3,3,3,3,3,3,3,3,3,3,3,3,3,3,3,3,3,3,3,3,3,3,3,3,3,3,3,3,3,3,3,3,3,3,3,3,3,3,3,3,3,3,3,3,3,3,3,3,3,3,3,3,3,3,3,3,3,3,3,3,3,3,3,3,3,3,3,3,3,3,3,3,3,3,3,3,3,3,3,3,3,3,3,3,3,3,3,3,3,3,3,3,3,3,3,3,3,3,3,3,3,3,3,3,3,3],"height":10,"name":"ground","opacity":1,"type":"tilelayer","visible":true,"width":15,"x":0,"y":0},{"data":[0,0,20,0,0,0,0,0,0,0,0,0,0,0,0,0,0,0,0,0,0,0,0,0,0,0,0,0,0,0,0,0,0,0,0,0,0,0,0,0,0,0,0,0,0,0,0,0,0,19,0,0,0,0,0,0,0,0,0,18,0,0,0,0,0,0,0,0,0,0,0,0,0,0,0,0,0,0,0,0,0,0,0,0,0,0,0,0,0,0,0,0,0,0,0,0,0,0,0,0,0,0,0,0,0,0,0,0,0,0,0,0,0,0,0,0,0,0,0,21,0,0,0,0,0,0,0,0,0,0,0,0,0,0,0,0,0,0,0,0,0,0,0,0,0,0,0,0,0,0],"height":10,"name":"props","opacity":1,"type":"tilelayer","visible":true,"width":15,"x":0,"y":0},{"data":[0,0,8,0,0,0,5,0,0,0,0,0,0,0,0,0,0,5,0,5,0,5,11,11,11,11,11,6,6,0,0,0,5,0,5,0,0,0,0,0,0,0,0,0,0,0,0,5,0,8,11,11,11,11,11,11,11,6,6,8,0,0,5,0,0,0,0,0,0,0,0,0,0,0,0,0,0,5,11,11,11,11,11,11,11,11,11,6,6,0,0,0,0,0,0,0,0,0,0,0,0,0,0,0,0,0,11,11,11,11,11,11,11,11,11,11,11,6,6,8,0,0,0,0,0,0,0,0,0,0,0,0,0,0,0,0,0,0,0,0,0,0,0,0,0,0,0,0,0,0],"height":10,"name":"blocks","opacity":1,"type":"tilelayer","visible":true,"width":15,"x":0,"y":0},{"data":[0,0,0,0,0,0,0,25,0,0,0,0,0,0,0,0,0,0,0,0,0,0,0,0,0,0,0,0,0,0,0,0,0,0,0,0,0,0,0,0,0,0,0,0,0,0,0,0,0,0,0,0,0,0,0,0,0,0,0,0,0,0,0,0,0,0,0,0,0,0,0,0,0,0,0,0,0,0,0,0,0,0,0,0,0,0,0,0,0,0,0,0,0,0,0,0,0,0,0,0,0,0,0,0,0,0,0,0,0,0,0,0,0,0,0,0,0,0,0,0,0,0,0,0,0,0,0,0,0,0,0,0,0,0,0,28,0,0,0,0,0,0,28,0,0,0,0,0,0,28],"height":10,"name":"characters","opacity":1,"type":"tilelayer","visible":true,"width":15,"x":0,"y":0}],"nextobjectid":1,"orientation":"orthogonal","renderorder":"right-down","tiledversion":"1.0.2","tileheight":64,"tilesets":[{"columns":8,"firstgid":1,"image":"tileset.png","imageheight":512,"imagewidth":512,"margin":0,"name":"tileset","spacing":0,"tilecount":64,"tileheight":64,"tileproperties":{"4":{"health":"30"},"7":{"health":5},"8":{"health":10},"9":{"health":10},"10":{"health":10},"11":{"health":10},"16":{"type":"health_bottle"},"17":{"type":"speed_bottle"},"18":{"type":"laser_bomb"},"19":{"type":"large_bomb"},"20":{"type":"square_bomb"},"24":{"type":"player"},"25":{"type":"zombiepig"},"26":{"type":"ghost"},"27":{"type":"minotaur"},"28":{"type":"batking"}},"tilepropertytypes":{"4":{"health":"string"},"7":{"health":"int"},"8":{"health":"int"},"9":{"health":"int"},"10":{"health":"int"},"11":{"health":"int"},"16":{"type":"string"},"17":{"type":"string"},"18":{"type":"string"},"19":{"type":"string"},"20":{"type":"string"},"24":{"type":"string"},"25":{"type":"string"},"26":{"type":"string"},"27":{"type":"string"},"28":{"type":"string"}},"tilewidth":64}],"tilewidth":64,"type":"map","version":1,"width":15},"map13":{"height":10,"layers":[{"data":[3,3,3,3,3,3,3,3,3,3,3,3,3,3,3,3,3,3,3,3,3,3,3,3,3,3,3,3,3,3,3,3,3,3,3,3,3,3,3,3,3,3,3,3,3,3,3,3,3,3,3,3,3,3,3,3,3,3,3,3,3,3,3,3,3,3,3,3,3,3,3,3,3,3,3,3,3,3,3,3,3,3,3,3,3,3,3,3,3,3,3,3,3,3,3,3,3,3,3,3,3,3,3,3,3,3,3,3,3,3,3,3,3,3,3,3,3,3,3,3,3,3,3,3,3,3,3,3,3,3,3,3,3,3,3,3,3,3,3,3,3,3,3,3,3,3,3,3,3,3],"height":10,"name":"ground","opacity":1,"type":"tilelayer","visible":true,"width":15,"x":0,"y":0},{"data":[0,0,0,0,0,0,0,0,0,0,0,0,0,0,0,0,0,0,0,0,0,0,0,0,0,0,0,0,0,0,0,18,0,0,0,0,0,0,0,0,0,0,0,19,0,0,0,0,0,0,0,0,0,0,0,0,0,0,0,0,0,0,0,0,0,0,0,0,0,0,0,0,0,0,0,0,0,0,0,0,0,0,0,0,0,0,0,0,0,0,0,21,0,0,0,0,0,0,0,0,0,0,0,20,0,0,0,0,0,0,0,0,0,0,0,0,0,0,0,0,0,0,0,0,0,0,0,17,0,0,0,0,0,0,0,0,0,0,0,0,0,0,0,0,0,0,0,0,0,0],"height":10,"name":"props","opacity":1,"type":"tilelayer","visible":true,"width":15,"x":0,"y":0},{"data":[0,0,0,6,0,0,0,0,0,0,0,6,0,0,0,0,11,0,6,0,5,5,5,5,5,0,6,0,11,0,0,8,0,6,0,0,0,0,0,0,0,6,0,8,0,0,6,0,0,0,0,0,0,0,0,0,0,0,6,0,0,6,11,5,5,5,5,5,5,5,5,5,11,6,0,0,6,0,0,0,0,0,0,0,0,0,0,0,6,0,0,8,0,11,11,11,11,0,11,11,11,11,0,8,0,0,11,0,6,0,0,0,0,0,0,0,6,0,11,0,0,11,0,6,0,5,5,8,5,5,0,6,0,11,0,0,0,0,6,0,0,0,0,0,0,0,6,0,0,0],"height":10,"name":"blocks","opacity":1,"type":"tilelayer","visible":true,"width":15,"x":0,"y":0},{"data":[0,0,0,0,0,0,0,25,0,0,0,0,0,0,0,0,0,0,0,0,0,0,0,0,0,0,0,0,0,0,0,0,0,0,0,0,0,0,0,0,0,0,0,0,0,0,0,0,0,0,0,0,0,0,0,0,0,0,0,0,0,0,0,0,0,0,0,0,0,0,0,0,0,0,0,0,0,0,0,0,0,0,0,0,0,0,0,0,0,0,0,0,0,0,0,0,0,0,0,0,0,0,0,0,0,0,0,0,0,0,0,0,0,0,0,0,0,0,0,0,0,0,0,0,0,0,0,0,0,0,0,0,0,0,0,28,0,0,0,0,0,0,29,0,0,0,0,0,0,28],"height":10,"name":"characters","opacity":1,"type":"tilelayer","visible":true,"width":15,"x":0,"y":0}],"nextobjectid":1,"orientation":"orthogonal","renderorder":"right-down","tiledversion":"1.0.2","tileheight":64,"tilesets":[{"columns":8,"firstgid":1,"image":"tileset.png","imageheight":512,"imagewidth":512,"margin":0,"name":"tileset","spacing":0,"tilecount":64,"tileheight":64,"tileproperties":{"4":{"health":"30"},"7":{"health":5},"8":{"health":10},"9":{"health":10},"10":{"health":10},"11":{"health":10},"16":{"type":"health_bottle"},"17":{"type":"speed_bottle"},"18":{"type":"laser_bomb"},"19":{"type":"large_bomb"},"20":{"type":"square_bomb"},"24":{"type":"player"},"25":{"type":"zombiepig"},"26":{"type":"ghost"},"27":{"type":"minotaur"},"28":{"type":"batking"}},"tilepropertytypes":{"4":{"health":"string"},"7":{"health":"int"},"8":{"health":"int"},"9":{"health":"int"},"10":{"health":"int"},"11":{"health":"int"},"16":{"type":"string"},"17":{"type":"string"},"18":{"type":"string"},"19":{"type":"string"},"20":{"type":"string"},"24":{"type":"string"},"25":{"type":"string"},"26":{"type":"string"},"27":{"type":"string"},"28":{"type":"string"}},"tilewidth":64}],"tilewidth":64,"type":"map","version":1,"width":15},"map14":{"height":10,"layers":[{"data":[4,4,4,4,4,4,4,4,4,4,4,4,4,4,4,4,4,4,4,4,4,4,4,4,4,4,4,4,4,4,4,4,4,4,4,4,4,4,4,4,4,4,4,4,4,4,4,4,4,4,4,4,4,4,4,4,4,4,4,4,4,4,4,4,4,4,4,4,4,4,4,4,4,4,4,4,4,4,4,4,4,4,4,4,4,4,4,4,4,4,4,4,4,4,4,4,4,4,4,4,4,4,4,4,4,4,4,4,4,4,4,4,4,4,4,4,4,4,4,4,4,4,4,4,4,4,4,4,4,4,4,4,4,4,4,4,4,4,4,4,4,4,4,4,4,4,4,4,4,4],"height":10,"name":"ground","opacity":1,"type":"tilelayer","visible":true,"width":15,"x":0,"y":0},{"data":[0,0,0,0,0,0,0,0,0,0,0,0,0,0,0,0,0,0,0,0,0,0,0,0,0,0,0,0,0,0,0,0,0,0,0,0,0,0,0,0,0,0,0,0,0,0,0,0,0,0,0,0,18,0,0,0,0,0,0,0,0,0,0,0,0,0,0,19,0,0,0,0,0,0,0,0,0,0,0,0,0,0,20,0,0,0,0,0,0,0,0,0,0,0,0,0,0,21,0,0,0,0,0,0,0,0,0,0,0,0,0,0,0,0,0,0,0,0,0,0,0,0,0,0,0,0,0,0,0,0,0,0,0,0,0,0,0,0,0,0,0,0,0,0,0,0,0,0,0,0],"height":10,"name":"props","opacity":1,"type":"tilelayer","visible":true,"width":15,"x":0,"y":0},{"data":[0,0,0,0,0,0,0,0,0,0,0,0,0,0,0,0,5,12,12,12,12,12,12,12,12,12,12,12,5,0,0,12,0,0,0,0,0,5,0,0,0,0,0,12,0,0,12,0,6,0,6,0,8,0,6,0,6,0,12,0,0,12,0,6,0,6,0,8,0,6,0,6,0,12,0,0,12,0,6,0,6,0,8,0,6,0,6,0,12,0,0,12,0,6,0,6,0,8,0,6,0,6,0,12,0,0,12,0,0,0,0,0,5,0,0,0,0,0,12,0,0,5,12,12,12,12,12,12,12,12,12,12,12,5,0,0,0,0,0,0,0,0,0,0,0,0,0,0,0,0],"height":10,"name":"blocks","opacity":1,"type":"tilelayer","visible":true,"width":15,"x":0,"y":0},{"data":[25,0,0,0,0,0,0,0,0,0,0,0,0,0,28,0,0,0,0,0,0,0,0,0,0,0,0,0,0,0,0,0,0,0,0,0,0,0,0,0,0,0,0,0,0,0,0,0,0,0,0,0,0,0,0,0,0,0,0,0,0,0,0,0,0,0,0,0,0,0,0,0,0,0,0,0,0,0,0,0,0,0,0,0,0,0,0,0,0,0,0,0,0,0,0,0,0,0,0,0,0,0,0,0,0,0,0,0,0,0,0,0,0,0,0,0,0,0,0,0,0,0,0,0,0,0,0,0,0,0,0,0,0,0,0,27,0,0,0,0,0,0,0,0,0,0,0,0,0,29],"height":10,"name":"characters","opacity":1,"type":"tilelayer","visible":true,"width":15,"x":0,"y":0}],"nextobjectid":1,"orientation":"orthogonal","renderorder":"right-down","tiledversion":"1.0.2","tileheight":64,"tilesets":[{"columns":8,"firstgid":1,"image":"tileset.png","imageheight":512,"imagewidth":512,"margin":0,"name":"tileset","spacing":0,"tilecount":64,"tileheight":64,"tileproperties":{"4":{"health":"30"},"7":{"health":5},"8":{"health":10},"9":{"health":10},"10":{"health":10},"11":{"health":10},"16":{"type":"health_bottle"},"17":{"type":"speed_bottle"},"18":{"type":"laser_bomb"},"19":{"type":"large_bomb"},"20":{"type":"square_bomb"},"24":{"type":"player"},"25":{"type":"zombiepig"},"26":{"type":"ghost"},"27":{"type":"minotaur"},"28":{"type":"batking"}},"tilepropertytypes":{"4":{"health":"string"},"7":{"health":"int"},"8":{"health":"int"},"9":{"health":"int"},"10":{"health":"int"},"11":{"health":"int"},"16":{"type":"string"},"17":{"type":"string"},"18":{"type":"string"},"19":{"type":"string"},"20":{"type":"string"},"24":{"type":"string"},"25":{"type":"string"},"26":{"type":"string"},"27":{"type":"string"},"28":{"type":"string"}},"tilewidth":64}],"tilewidth":64,"type":"map","version":1,"width":15},"map15":{"height":10,"layers":[{"data":[4,4,4,4,4,4,4,4,4,4,4,4,4,4,4,4,4,4,4,4,4,4,4,4,4,4,4,4,4,4,4,4,4,4,4,4,4,4,4,4,4,4,4,4,4,4,4,4,4,4,4,4,4,4,4,4,4,4,4,4,4,4,4,4,4,4,4,4,4,4,4,4,4,4,4,4,4,4,4,4,4,4,4,4,4,4,4,4,4,4,4,4,4,4,4,4,4,4,4,4,4,4,4,4,4,4,4,4,4,4,4,4,4,4,4,4,4,4,4,4,4,4,4,4,4,4,4,4,4,4,4,4,4,4,4,4,4,4,4,4,4,4,4,4,4,4,4,4,4,4],"height":10,"name":"ground","opacity":1,"type":"tilelayer","visible":true,"width":15,"x":0,"y":0},{"data":[0,0,0,0,0,0,0,0,0,0,0,0,0,0,0,0,0,0,0,0,0,0,0,0,0,0,0,0,0,0,0,0,0,0,0,0,0,0,0,0,0,0,0,0,0,0,0,20,0,0,0,0,0,0,0,0,0,21,0,0,0,0,0,0,0,0,0,0,0,0,0,0,0,0,0,0,0,0,0,0,0,0,0,0,0,0,0,0,0,0,0,0,0,0,0,0,18,17,19,0,0,0,0,0,0,0,0,0,0,0,0,0,0,0,0,0,0,0,0,0,0,0,0,0,0,0,0,0,0,0,0,0,0,0,0,0,0,0,0,0,0,0,0,0,0,0,0,0,0,0],"height":10,"name":"props","opacity":1,"type":"tilelayer","visible":true,"width":15,"x":0,"y":0},{"data":[0,0,0,0,0,0,0,0,0,0,0,0,0,0,0,0,0,6,0,0,0,12,0,12,0,0,0,6,0,0,0,6,6,6,0,0,12,0,12,0,0,6,6,6,0,0,5,8,5,0,0,12,0,12,0,0,5,8,5,0,0,5,0,5,0,0,12,0,12,0,0,5,0,5,0,0,5,0,5,0,12,12,12,12,12,0,5,0,5,0,0,5,0,5,0,0,8,8,8,0,0,5,0,5,0,0,5,0,5,0,0,0,0,0,0,0,5,0,5,0,0,5,0,5,6,6,6,0,6,6,6,5,0,5,0,0,0,0,0,0,0,0,0,0,0,0,0,0,0,0],"height":10,"name":"blocks","opacity":1,"type":"tilelayer","visible":true,"width":15,"x":0,"y":0},{"data":[28,0,0,0,0,0,0,0,0,0,0,0,0,0,28,0,0,0,0,0,0,0,0,0,0,0,0,0,0,0,0,0,0,0,0,0,0,0,0,0,0,0,0,0,0,0,0,0,0,0,0,0,0,0,0,0,0,0,0,0,0,0,0,0,0,0,0,25,0,0,0,0,0,0,0,0,0,0,0,0,0,0,0,0,0,0,0,0,0,0,0,0,0,0,0,0,0,0,0,0,0,0,0,0,0,0,0,0,0,0,0,0,0,0,0,0,0,0,0,0,0,0,0,0,0,0,0,0,0,0,0,0,0,0,0,0,0,0,0,0,0,0,29,0,0,0,0,0,0,0],"height":10,"name":"characters","opacity":1,"type":"tilelayer","visible":true,"width":15,"x":0,"y":0}],"nextobjectid":1,"orientation":"orthogonal","renderorder":"right-down","tiledversion":"1.0.2","tileheight":64,"tilesets":[{"columns":8,"firstgid":1,"image":"tileset.png","imageheight":512,"imagewidth":512,"margin":0,"name":"tileset","spacing":0,"tilecount":64,"tileheight":64,"tileproperties":{"4":{"health":"30"},"7":{"health":5},"8":{"health":10},"9":{"health":10},"10":{"health":10},"11":{"health":10},"16":{"type":"health_bottle"},"17":{"type":"speed_bottle"},"18":{"type":"laser_bomb"},"19":{"type":"large_bomb"},"20":{"type":"square_bomb"},"24":{"type":"player"},"25":{"type":"zombiepig"},"26":{"type":"ghost"},"27":{"type":"minotaur"},"28":{"type":"batking"}},"tilepropertytypes":{"4":{"health":"string"},"7":{"health":"int"},"8":{"health":"int"},"9":{"health":"int"},"10":{"health":"int"},"11":{"health":"int"},"16":{"type":"string"},"17":{"type":"string"},"18":{"type":"string"},"19":{"type":"string"},"20":{"type":"string"},"24":{"type":"string"},"25":{"type":"string"},"26":{"type":"string"},"27":{"type":"string"},"28":{"type":"string"}},"tilewidth":64}],"tilewidth":64,"type":"map","version":1,"width":15},"map16":{"height":10,"layers":[{"data":[4,4,4,4,4,4,4,4,4,4,4,4,4,4,4,4,4,4,4,4,4,4,4,4,4,4,4,4,4,4,4,4,4,4,4,4,4,4,4,4,4,4,4,4,4,4,4,4,4,4,4,4,4,4,4,4,4,4,4,4,4,4,4,4,4,4,4,4,4,4,4,4,4,4,4,4,4,4,4,4,4,4,4,4,4,4,4,4,4,4,4,4,4,4,4,4,4,4,4,4,4,4,4,4,4,4,4,4,4,4,4,4,4,4,4,4,4,4,4,4,4,4,4,4,4,4,4,4,4,4,4,4,4,4,4,4,4,4,4,4,4,4,4,4,4,4,4,4,4,4],"height":10,"name":"ground","opacity":1,"type":"tilelayer","visible":true,"width":15,"x":0,"y":0},{"data":[0,0,0,0,0,0,0,0,0,0,0,0,0,0,0,0,0,0,0,0,0,0,0,0,0,0,0,0,0,0,0,0,0,0,0,0,0,0,0,0,0,0,0,0,0,0,0,0,0,0,0,0,0,0,0,0,0,0,0,0,0,0,0,20,0,0,0,0,0,0,0,17,0,0,0,0,0,21,18,0,0,0,0,0,0,0,18,19,0,0,0,0,0,0,0,0,0,0,0,0,0,0,0,0,0,0,0,0,0,0,0,0,0,0,0,0,0,0,0,0,0,0,0,0,0,0,0,0,0,0,0,0,0,0,0,0,0,0,0,0,0,0,0,0,0,0,0,0,0,0],"height":10,"name":"props","opacity":1,"type":"tilelayer","visible":true,"width":15,"x":0,"y":0},{"data":[0,0,0,0,0,0,0,0,0,0,0,0,0,0,0,0,12,6,6,6,6,12,0,12,6,6,6,6,12,0,0,5,0,0,0,0,5,0,5,0,0,0,0,5,0,0,5,0,12,12,0,5,0,5,0,12,12,0,5,0,0,5,0,8,12,0,5,0,5,0,12,8,0,5,0,0,5,8,8,12,0,12,0,12,0,12,8,8,5,0,0,12,5,5,12,0,12,0,12,0,12,5,5,12,0,0,0,0,0,0,0,12,0,12,0,0,0,0,0,0,12,12,12,12,12,12,12,0,12,12,12,12,12,12,12,0,0,0,0,0,0,0,0,0,0,0,0,0,0,0],"height":10,"name":"blocks","opacity":1,"type":"tilelayer","visible":true,"width":15,"x":0,"y":0},{"data":[0,0,0,0,0,0,0,25,0,0,0,0,0,0,0,0,0,0,0,0,0,0,0,0,0,0,0,0,0,0,0,0,0,0,0,0,0,0,0,0,0,0,0,0,0,0,0,0,0,0,0,0,0,0,0,0,0,0,0,0,0,0,0,0,0,0,0,0,0,0,0,0,0,0,0,0,0,0,0,0,0,0,0,0,0,0,0,0,0,0,0,0,0,0,0,0,0,0,0,0,0,0,0,0,0,0,0,0,0,0,0,0,0,0,0,0,0,0,0,0,0,0,0,0,0,0,0,0,0,0,0,0,0,0,0,29,0,0,0,0,0,0,29,0,0,0,0,0,0,29],"height":10,"name":"characters","opacity":1,"type":"tilelayer","visible":true,"width":15,"x":0,"y":0}],"nextobjectid":1,"orientation":"orthogonal","renderorder":"right-down","tiledversion":"1.0.2","tileheight":64,"tilesets":[{"columns":8,"firstgid":1,"image":"tileset.png","imageheight":512,"imagewidth":512,"margin":0,"name":"tileset","spacing":0,"tilecount":64,"tileheight":64,"tileproperties":{"4":{"health":"30"},"7":{"health":5},"8":{"health":10},"9":{"health":10},"10":{"health":10},"11":{"health":10},"16":{"type":"health_bottle"},"17":{"type":"speed_bottle"},"18":{"type":"laser_bomb"},"19":{"type":"large_bomb"},"20":{"type":"square_bomb"},"24":{"type":"player"},"25":{"type":"zombiepig"},"26":{"type":"ghost"},"27":{"type":"minotaur"},"28":{"type":"batking"}},"tilepropertytypes":{"4":{"health":"string"},"7":{"health":"int"},"8":{"health":"int"},"9":{"health":"int"},"10":{"health":"int"},"11":{"health":"int"},"16":{"type":"string"},"17":{"type":"string"},"18":{"type":"string"},"19":{"type":"string"},"20":{"type":"string"},"24":{"type":"string"},"25":{"type":"string"},"26":{"type":"string"},"27":{"type":"string"},"28":{"type":"string"}},"tilewidth":64}],"tilewidth":64,"type":"map","version":1,"width":15},"map17":{"height":10,"layers":[{"data":[4,4,4,4,4,4,4,4,4,4,4,4,4,4,4,4,4,4,4,4,4,4,4,4,4,4,4,4,4,4,4,4,4,4,4,4,4,4,4,4,4,4,4,4,4,4,4,4,4,4,4,4,4,4,4,4,4,4,4,4,4,4,4,4,4,4,4,4,4,4,4,4,4,4,4,4,4,4,4,4,4,4,4,4,4,4,4,4,4,4,4,4,4,4,4,4,4,4,4,4,4,4,4,4,4,4,4,4,4,4,4,4,4,4,4,4,4,4,4,4,4,4,4,4,4,4,4,4,4,4,4,4,4,4,4,4,4,4,4,4,4,4,4,4,4,4,4,4,4,4],"height":10,"name":"ground","opacity":1,"type":"tilelayer","visible":true,"width":15,"x":0,"y":0},{"data":[0,0,0,0,0,0,0,0,0,0,0,0,0,0,0,0,0,0,0,0,0,0,0,0,0,0,0,0,0,0,0,0,21,0,0,17,0,0,0,18,0,0,19,0,0,0,0,0,0,0,0,0,0,0,0,0,0,0,0,0,0,0,0,0,0,0,0,0,0,0,0,0,0,0,0,0,0,0,0,0,0,0,0,0,0,0,0,0,0,0,0,0,17,0,0,19,0,0,0,20,0,0,18,0,0,0,0,0,0,0,0,0,0,0,0,0,0,0,0,0,0,0,0,0,0,0,0,0,0,0,0,0,0,0,0,0,0,0,0,0,0,0,0,0,0,0,0,0,0,0],"height":10,"name":"props","opacity":1,"type":"tilelayer","visible":true,"width":15,"x":0,"y":0},{"data":[0,0,0,0,0,0,0,0,0,0,0,0,0,0,0,0,12,5,5,5,5,12,0,12,5,5,5,5,12,0,0,5,8,12,12,8,6,0,6,8,12,12,8,5,0,0,12,6,6,6,6,12,0,12,6,6,6,6,12,0,0,0,0,0,0,0,0,0,0,0,0,0,0,0,0,0,12,6,6,6,6,12,0,12,6,6,6,6,12,0,0,5,8,12,12,8,6,0,6,8,12,12,8,5,0,0,12,5,5,5,5,12,0,12,5,5,5,5,12,0,0,0,0,0,0,0,0,0,0,0,0,0,0,0,0,12,0,12,0,12,0,12,0,12,0,12,0,12,0,12],"height":10,"name":"blocks","opacity":1,"type":"tilelayer","visible":true,"width":15,"x":0,"y":0},{"data":[0,0,0,0,0,0,0,29,0,0,0,0,0,0,0,0,0,0,0,0,0,0,0,0,0,0,0,0,0,0,0,0,0,0,0,0,0,0,0,0,0,0,0,0,0,0,0,0,0,0,0,0,0,0,0,0,0,0,0,0,29,0,0,0,0,0,0,25,0,0,0,0,0,0,29,0,0,0,0,0,0,0,0,0,0,0,0,0,0,0,0,0,0,0,0,0,0,0,0,0,0,0,0,0,0,0,0,0,0,0,0,0,0,0,0,0,0,0,0,0,0,0,0,0,0,0,0,0,0,0,0,0,0,0,0,0,0,0,0,0,0,0,29,0,0,0,0,0,0,0],"height":10,"name":"characters","opacity":1,"type":"tilelayer","visible":true,"width":15,"x":0,"y":0}],"nextobjectid":1,"orientation":"orthogonal","renderorder":"right-down","tiledversion":"1.0.2","tileheight":64,"tilesets":[{"columns":8,"firstgid":1,"image":"tileset.png","imageheight":512,"imagewidth":512,"margin":0,"name":"tileset","spacing":0,"tilecount":64,"tileheight":64,"tileproperties":{"4":{"health":"30"},"7":{"health":5},"8":{"health":10},"9":{"health":10},"10":{"health":10},"11":{"health":10},"16":{"type":"health_bottle"},"17":{"type":"speed_bottle"},"18":{"type":"laser_bomb"},"19":{"type":"large_bomb"},"20":{"type":"square_bomb"},"24":{"type":"player"},"25":{"type":"zombiepig"},"26":{"type":"ghost"},"27":{"type":"minotaur"},"28":{"type":"batking"}},"tilepropertytypes":{"4":{"health":"string"},"7":{"health":"int"},"8":{"health":"int"},"9":{"health":"int"},"10":{"health":"int"},"11":{"health":"int"},"16":{"type":"string"},"17":{"type":"string"},"18":{"type":"string"},"19":{"type":"string"},"20":{"type":"string"},"24":{"type":"string"},"25":{"type":"string"},"26":{"type":"string"},"27":{"type":"string"},"28":{"type":"string"}},"tilewidth":64}],"tilewidth":64,"type":"map","version":1,"width":15},"map18":{"height":10,"layers":[{"data":[1,1,1,1,1,1,1,1,1,1,1,1,1,1,1,1,1,1,1,1,1,1,1,1,1,1,1,1,1,1,1,1,1,1,1,1,1,1,1,1,1,1,1,1,1,1,1,1,1,1,1,1,1,1,1,1,1,1,1,1,1,1,1,1,1,1,1,1,1,1,1,1,1,1,1,1,1,1,1,1,1,1,1,1,1,1,1,1,1,1,1,1,1,1,1,1,1,1,1,1,1,1,1,1,1,1,1,1,1,1,1,1,1,1,1,1,1,1,1,1,1,1,1,1,1,1,1,1,1,1,1,1,1,1,1,1,1,1,1,1,1,1,1,1,1,1,1,1,1,1],"height":10,"name":"ground","opacity":1,"type":"tilelayer","visible":true,"width":15,"x":0,"y":0},{"data":[0,0,0,0,0,0,0,19,0,0,0,0,0,0,0,0,0,0,0,0,0,0,0,0,0,0,0,0,0,0,0,0,0,0,0,0,0,0,0,0,0,0,0,0,0,0,0,0,0,0,0,0,0,0,0,0,0,0,0,0,0,20,0,0,0,0,0,0,0,0,0,0,0,18,0,0,0,0,0,0,0,0,0,0,0,0,0,0,0,0,0,0,0,0,0,0,0,0,0,0,0,0,0,0,0,0,0,0,0,0,0,0,0,0,0,0,0,0,0,0,0,0,0,0,0,0,0,17,0,0,0,0,0,0,0,0,0,0,0,0,0,0,0,0,0,0,0,0,0,0],"height":10,"name":"props","opacity":1,"type":"tilelayer","visible":true,"width":15,"x":0,"y":0},{"data":[0,0,0,5,6,6,11,8,11,6,6,5,0,0,0,0,5,0,0,0,0,0,6,0,0,0,0,0,5,0,0,6,0,0,5,0,0,0,0,0,5,0,0,6,0,0,6,0,0,11,0,5,9,5,0,9,0,0,6,0,0,8,6,0,11,0,0,0,0,0,9,0,6,8,0,0,6,0,0,9,0,5,11,5,0,9,0,0,6,0,0,6,0,0,5,0,0,0,0,0,5,0,0,6,0,0,6,0,0,0,0,0,6,0,0,0,0,0,6,0,0,5,0,5,6,6,6,8,6,6,6,5,0,5,0,0,0,0,0,0,0,0,0,0,0,0,0,0,0,0],"height":10,"name":"blocks","opacity":1,"type":"tilelayer","visible":true,"width":15,"x":0,"y":0},{"data":[26,0,0,0,0,0,0,0,0,0,0,0,0,0,26,0,0,0,0,0,0,0,0,0,0,0,0,0,0,0,0,0,0,0,0,0,0,0,0,0,0,0,0,0,0,0,0,0,0,0,0,0,0,0,0,0,0,0,0,0,0,0,0,0,0,0,0,25,0,0,0,0,0,0,0,0,0,0,0,0,0,0,0,0,0,0,0,0,0,0,0,0,0,0,0,0,0,0,0,0,0,0,0,0,0,0,0,0,0,0,0,0,0,0,0,0,0,0,0,0,0,0,0,0,0,0,0,0,0,0,0,0,0,0,0,28,0,0,0,0,0,0,0,0,0,0,0,0,0,28],"height":10,"name":"characters","opacity":1,"type":"tilelayer","visible":true,"width":15,"x":0,"y":0}],"nextobjectid":1,"orientation":"orthogonal","renderorder":"right-down","tiledversion":"1.0.2","tileheight":64,"tilesets":[{"columns":8,"firstgid":1,"image":"tileset.png","imageheight":512,"imagewidth":512,"margin":0,"name":"tileset","spacing":0,"tilecount":64,"tileheight":64,"tileproperties":{"4":{"health":"30"},"7":{"health":5},"8":{"health":10},"9":{"health":10},"10":{"health":10},"11":{"health":10},"16":{"type":"health_bottle"},"17":{"type":"speed_bottle"},"18":{"type":"laser_bomb"},"19":{"type":"large_bomb"},"20":{"type":"square_bomb"},"24":{"type":"player"},"25":{"type":"zombiepig"},"26":{"type":"ghost"},"27":{"type":"minotaur"},"28":{"type":"batking"}},"tilepropertytypes":{"4":{"health":"string"},"7":{"health":"int"},"8":{"health":"int"},"9":{"health":"int"},"10":{"health":"int"},"11":{"health":"int"},"16":{"type":"string"},"17":{"type":"string"},"18":{"type":"string"},"19":{"type":"string"},"20":{"type":"string"},"24":{"type":"string"},"25":{"type":"string"},"26":{"type":"string"},"27":{"type":"string"},"28":{"type":"string"}},"tilewidth":64}],"tilewidth":64,"type":"map","version":1,"width":15},"map19":{"height":10,"layers":[{"data":[4,4,4,4,4,4,4,4,4,4,4,4,4,4,4,4,4,4,4,4,4,4,4,4,4,4,4,4,4,4,4,4,4,4,4,4,4,4,4,4,4,4,4,4,4,4,4,4,4,4,4,4,4,4,4,4,4,4,4,4,4,4,4,4,4,4,4,4,4,4,4,4,4,4,4,4,4,4,4,4,4,4,4,4,4,4,4,4,4,4,4,4,4,4,4,4,4,4,4,4,4,4,4,4,4,4,4,4,4,4,4,4,4,4,4,4,4,4,4,4,4,4,4,4,4,4,4,4,4,4,4,4,4,4,4,4,4,4,4,4,4,4,4,4,4,4,4,4,4,4],"height":10,"name":"ground","opacity":1,"type":"tilelayer","visible":true,"width":15,"x":0,"y":0},{"data":[0,0,0,0,0,0,0,0,0,0,0,0,0,0,0,0,18,0,0,0,0,0,0,0,0,0,0,0,18,0,0,0,0,0,0,0,0,0,0,0,0,0,0,0,0,0,0,0,0,0,0,0,0,0,0,0,0,0,0,0,0,0,0,0,0,0,0,0,0,0,0,0,0,0,0,0,0,0,0,0,0,0,0,0,0,0,0,0,0,0,0,0,0,0,0,0,0,0,0,0,0,0,0,0,0,0,18,0,0,0,0,0,0,0,0,0,0,0,18,0,0,0,0,0,0,0,0,0,0,0,0,0,0,0,0,0,0,0,0,0,0,0,0,0,0,0,0,0,0,0],"height":10,"name":"props","opacity":1,"type":"tilelayer","visible":true,"width":15,"x":0,"y":0},{"data":[0,0,0,0,0,0,0,0,0,0,0,0,0,0,0,10,8,10,0,12,0,5,0,5,0,10,0,10,8,10,0,6,0,0,0,6,0,0,0,6,0,0,0,6,0,10,0,12,0,5,0,5,0,5,0,5,0,10,0,12,0,0,0,0,0,0,0,0,0,0,0,0,0,0,0,12,0,12,0,5,0,5,0,5,0,5,0,10,0,12,0,6,0,0,0,6,0,0,0,6,0,0,0,6,0,10,8,10,0,10,0,5,0,5,0,12,0,10,8,12,0,0,0,0,0,0,0,0,0,0,0,0,0,0,0,0,0,10,0,12,0,10,0,12,0,10,0,12,0,0],"height":10,"name":"blocks","opacity":1,"type":"tilelayer","visible":true,"width":15,"x":0,"y":0},{"data":[27,0,0,0,0,0,0,0,0,0,0,0,0,0,27,0,0,0,0,0,0,0,0,0,0,0,0,0,0,0,0,0,0,0,0,0,0,0,0,0,0,0,0,0,0,0,0,0,0,0,0,0,0,0,0,0,0,0,0,0,0,0,0,0,0,0,0,25,0,0,0,0,0,0,0,0,0,0,0,0,0,0,0,0,0,0,0,0,0,0,0,0,0,0,0,0,0,0,0,0,0,0,0,0,0,0,0,0,0,0,0,0,0,0,0,0,0,0,0,0,0,0,0,0,0,0,0,0,0,0,0,0,0,0,0,29,0,0,0,0,0,0,0,0,0,0,0,0,0,29],"height":10,"name":"characters","opacity":1,"type":"tilelayer","visible":true,"width":15,"x":0,"y":0}],"nextobjectid":1,"orientation":"orthogonal","renderorder":"right-down","tiledversion":"1.0.2","tileheight":64,"tilesets":[{"columns":8,"firstgid":1,"image":"tileset.png","imageheight":512,"imagewidth":512,"margin":0,"name":"tileset","spacing":0,"tilecount":64,"tileheight":64,"tileproperties":{"4":{"health":"30"},"7":{"health":5},"8":{"health":10},"9":{"health":10},"10":{"health":10},"11":{"health":10},"16":{"type":"health_bottle"},"17":{"type":"speed_bottle"},"18":{"type":"laser_bomb"},"19":{"type":"large_bomb"},"20":{"type":"square_bomb"},"24":{"type":"player"},"25":{"type":"zombiepig"},"26":{"type":"ghost"},"27":{"type":"minotaur"},"28":{"type":"batking"}},"tilepropertytypes":{"4":{"health":"string"},"7":{"health":"int"},"8":{"health":"int"},"9":{"health":"int"},"10":{"health":"int"},"11":{"health":"int"},"16":{"type":"string"},"17":{"type":"string"},"18":{"type":"string"},"19":{"type":"string"},"20":{"type":"string"},"24":{"type":"string"},"25":{"type":"string"},"26":{"type":"string"},"27":{"type":"string"},"28":{"type":"string"}},"tilewidth":64}],"tilewidth":64,"type":"map","version":1,"width":15}}